start_id,end_id
quyen_rieng_tu,quyen_rieng_tu__cach_thuc_xu_ly_thong_tin_khach_hang
quyen_rieng_tu,quyen_rieng_tu__hau_qua_thiet_hai_khong_mong_muon
quyen_rieng_tu,quyen_rieng_tu__luat_ap_dung
quyen_rieng_tu,quyen_rieng_tu__luu_tru_thong_tin_khach_hang
quyen_rieng_tu,quyen_rieng_tu__muc_dich_xu_ly_thong_tin_khach_hang
quyen_rieng_tu,quyen_rieng_tu__nghia_vu_cua_khach_hang_doi_voi_thong_tin_khach_hang
quyen_rieng_tu,quyen_rieng_tu__nghia_vu_cua_vnpt_doi_voi_thong_tin_khach_hang
quyen_rieng_tu,quyen_rieng_tu__pham_vi_su_dung_thong_tin_khach_hang
quyen_rieng_tu,quyen_rieng_tu__quyen_cua_khach_hang_doi_voi_thong_tin_khach_hang
quyen_rieng_tu,quyen_rieng_tu__quang_cao_tren_internet_va_ben_thu_ba
quyen_rieng_tu,quyen_rieng_tu__thong_tin_lien_lac
quyen_rieng_tu,quyen_rieng_tu__thoi_gian_bat_dau_thoi_gian_ket_thuc_xu_ly_du_lieu
quyen_rieng_tu,quyen_rieng_tu__xu_ly_thong_tin_khach_hang
ho_tro_khach_hang,ho_tro_khach_hang__bao_ve_va_luu_tru_thong_tin
ho_tro_khach_hang,ho_tro_khach_hang__chia_se_va_tiet_lo_thong_tin
ho_tro_khach_hang,ho_tro_khach_hang__chinh_sach_chung
ho_tro_khach_hang,ho_tro_khach_hang__huong_dan_chuyen_tien_mobile_money
ho_tro_khach_hang,ho_tro_khach_hang__huong_dan_naprut_tien_mobile_money
ho_tro_khach_hang,ho_tro_khach_hang__huong_dan_thanh_toan
ho_tro_khach_hang,ho_tro_khach_hang__huong_dan_thanh_toan_dich_vu_bang_mobile_money
ho_tro_khach_hang,ho_tro_khach_hang__huong_dan_dang_ky_mobile_money
ho_tro_khach_hang,ho_tro_khach_hang__lien_ket_ngan_hang
ho_tro_khach_hang,ho_tro_khach_hang__muc_dich_thu_thap_thong_tin_ca_nhan
ho_tro_khach_hang,ho_tro_khach_hang__quyen_va_nghia_vu_cua_khach_hang_lien_quan_den_bao_ve_du_lie
ho_tro_khach_hang,ho_tro_khach_hang__thay_doi_thong_tin_ca_nhan
ho_tro_khach_hang,ho_tro_khach_hang__thu_thap_thong_tin_ca_nhan
ho_tro_khach_hang,ho_tro_khach_hang__tro_giup_khac
ho_tro_khach_hang,ho_tro_khach_hang__tai_va_cap_nhat_ung_dung
ho_tro_khach_hang,ho_tro_khach_hang__dang_ky_tai_khoan_vnpt_money
ho_tro_khach_hang,ho_tro_khach_hang__dang_nhap_tai_khoan_vnpt_money
ho_tro_khach_hang,ho_tro_khach_hang__dinh_danh_tai_khoan_vnpt_money
dieu_khoan,dieu_khoan__bieu_phi_va_han_muc_giao_dich
dieu_khoan,dieu_khoan__bao_mat_thong_tin_va_quyen_so_huu_tri_tue_o_vi_doanh_nghiep_
dieu_khoan,dieu_khoan__bao_mat_thong_tin_va_quyen_so_huu_tri_tue_o_vi_dien_tu_vnpt_
dieu_khoan,dieu_khoan__bao_mat_thong_tin_va_quyen_so_huu_tri_tue_o_dich_vu_mobile_m
dieu_khoan,dieu_khoan__cam_ket_khi_su_dung_dich_vu_lien_ket_tai_khoan
dieu_khoan,dieu_khoan__cac_truong_hop_mien_trach_nhiem_o_vi_doanh_nghiep_vnpt_pay
dieu_khoan,dieu_khoan__cac_truong_hop_mien_trach_nhiem_o_vi_dien_tu_vnpt_pay
dieu_khoan,dieu_khoan__cac_dieu_khoan_khac
dieu_khoan,dieu_khoan__canh_bao_hanh_vi_vi_pham
dieu_khoan,dieu_khoan__giao_dich_khong_huy_ngang_o_vi_doanh_nghiep_vnpt_pay
dieu_khoan,dieu_khoan__giao_dich_khong_huy_ngang_o_vi_dien_tu_vnpt_pay
dieu_khoan,dieu_khoan__giao_dich_khong_huy_ngang_o_dich_vu_mobile_money
dieu_khoan,dieu_khoan__hieu_luc
dieu_khoan,dieu_khoan__hoan_tra_tien_o_vi_doanh_nghiep_vnpt_pay
dieu_khoan,dieu_khoan__hoan_tra_tien_o_vi_dien_tu_vnpt_pay
dieu_khoan,dieu_khoan__luat_dieu_chinh_va_giai_quyet_tranh_chap_cua_vi_doanh_nghiep
dieu_khoan,dieu_khoan__luat_dieu_chinh_va_giai_quyet_tranh_chap_cua_vi_dien_tu_vnpt
dieu_khoan,dieu_khoan__luat_dieu_chinh_va_giai_quyet_tranh_chap_cua_dich_vu_smartot
dieu_khoan,dieu_khoan__luat_dieu_chinh_va_giai_quyet_tranh_chap_o_dich_vu_mobile_mo
dieu_khoan,dieu_khoan__mo_va_su_dung_vi_doanh_nghiep_vnpt_pay
dieu_khoan,dieu_khoan__mo_va_su_dung_vi_dien_tu_vnpt_pay
dieu_khoan,dieu_khoan__mo_va_su_dung_dich_vu_mobile_money
dieu_khoan,dieu_khoan__phi_dich_vu_vi_dien_tu_vnpt_pay
dieu_khoan,dieu_khoan__phi_dich_vu_o_vi_doanh_nghiep_vnpt_pay
dieu_khoan,dieu_khoan__pham_vi_dieu_khoan_chap_thuan_cua_vi_dien_tu_vnpt_pay
dieu_khoan,dieu_khoan__pham_vi_dich_vu_va_muc_giao_dich_ap_dung
dieu_khoan,dieu_khoan__pham_vi_ap_dung_dieu_khoan_chap_thuan_cua_vi_doanh_nghiep_vn
dieu_khoan,dieu_khoan__pham_vi_ap_dung_dieu_khoan_chap_thuan_cua_dich_vu_giao_dich_
dieu_khoan,dieu_khoan__pham_vi_ap_dung_dieu_khoan_chap_thuan_cua_dich_vu_mobile_mon
dieu_khoan,dieu_khoan__quy_dinh_su_dung_tinh_nang_lien_ket_tai_khoan
dieu_khoan,dieu_khoan__quy_dinh_ve_su_dung_dich_vu_giao_dich_quoc_te
dieu_khoan,dieu_khoan__quy_dinh_xu_ly_tra_soat_khieu_nai_o_vi_doanh_nghiep_vnpt_pay
dieu_khoan,dieu_khoan__quy_dinh_xu_ly_tra_soat_khieu_nai_o_vi_dien_tu_vnpt_pay
dieu_khoan,dieu_khoan__quyen_va_nghia_vu_cac_ben_khi_dung_dich_vu_mobile_money
dieu_khoan,dieu_khoan__quyen_va_nghia_vu_cua_khach_hang_khi_dung_smartotp
dieu_khoan,dieu_khoan__quyen_va_nghia_vu_cua_khach_hang_khi_dung_vi_doanh_nghiep_vn
dieu_khoan,dieu_khoan__quyen_va_nghia_vu_cua_khach_hang_khi_dung_vi_dien_tu_vnpt_pa
dieu_khoan,dieu_khoan__quyen_va_nghia_vu_cua_quy_khach_khi_dung_dich_vu_thanh_toan_
dieu_khoan,dieu_khoan__quyen_va_nghia_vu_cua_vnpt_khi_cung_cap_dich_vu_vi_dien_tu_v
dieu_khoan,dieu_khoan__quyen_va_nghia_vu_cua_vnpt_khi_cung_cap_dich_vu_vi_doanh_ngh
dieu_khoan,dieu_khoan__quyen_va_nghia_vu_cua_vnptmedia_khi_cung_cap_dich_vu_smartot
dieu_khoan,dieu_khoan__quyen_va_nghia_vu_cua_vnptmedia_khi_cung_cap_dich_vu_thanh_t
dieu_khoan,dieu_khoan__sua_doi_bo_sung_dieu_kien_va_dieu_khoan
dieu_khoan,dieu_khoan__su_kien_bat_kha_khang_khi_dung_vi_dien_tu_vnpt_pay
dieu_khoan,dieu_khoan__su_kien_bat_kha_khang_o_vi_doanh_nghiep_vnpt_pay
dieu_khoan,dieu_khoan__thay_doi_tam_dung_gia_han_va_cham_dut_dich_vu_vi_dien_tu_vnp
dieu_khoan,dieu_khoan__thay_doi_tam_dung_gia_han_va_cham_dut_dich_vu_o_vi_doanh_ngh
dieu_khoan,dieu_khoan__thu_thap_cung_cap_thong_tin_va_xu_ly_du_lieu_ca_nhan_vi_dien
dieu_khoan,dieu_khoan__thu_thap_cung_cap_thong_tin_va_xu_ly_du_lieu_ca_nhan_o_vi_do
dieu_khoan,dieu_khoan__thoa_thuan_chung_cua_dich_vu_lien_ket_thanh_toan_vnpt_money
dieu_khoan,dieu_khoan__tiep_nhan_cung_cap_thong_tin_giai_quyet_tra_soat_khieu_nai
dieu_khoan,dieu_khoan__tra_soat_xu_ly_khieu_nai_trong_qua_trinh_su_dung_dich_vu
dieu_khoan,dieu_khoan__truong_hop_bat_kha_khang_o_dich_vu_mobile_money
dieu_khoan,dieu_khoan__tam_ngung_va_cham_dut_su_dung_dich_vu_mobile_money
dieu_khoan,dieu_khoan__dieu_khoan_mien_trach_nhiem_cua_dich_vu_giao_dich_quoc_te
dieu_khoan,dieu_khoan__dieu_khoan_mien_trach_nhiem_cua_dich_vu_lien_ket_thanh_toan_
dieu_khoan,dieu_khoan__dieu_khoan_thi_hanh_cua_vi_doanh_nghiep_vnpt_pay
dieu_khoan,dieu_khoan__dieu_khoan_thi_hanh_cua_vi_dien_tu_vnpt_pay
dieu_khoan,dieu_khoan__dieu_kien_su_dung
dich_vu,dich_vu__aeon_finance
dich_vu,dich_vu__bao_hiem_vietinbank
dich_vu,dich_vu__bao_hiem_so
dich_vu,dich_vu__cong_dich_vu_cong
dich_vu,dich_vu__data_3g4g
dich_vu,dich_vu__dealtoday
dich_vu,dich_vu__di_dong_tra_sau
dich_vu,dich_vu__fe_credit
dich_vu,dich_vu__goi_cuoc_digilife
dich_vu,dich_vu__goi_cuoc_mytv
dich_vu,dich_vu__hoa_don_tai_chinh_bao_hiem
dich_vu,dich_vu__hoa_don_vien_thong
dich_vu,dich_vu__hoc_mai
dich_vu,dich_vu__hoc_phi
dich_vu,dich_vu__hoc_phi_asc
dich_vu,dich_vu__hoc_phi_dtsoft
dich_vu,dich_vu__hoc_phi_ssc
dich_vu,dich_vu__hoc_phi_vnedu
dich_vu,dich_vu__internet_vnpt
dich_vu,dich_vu__internet_viettel
dich_vu,dich_vu__lazada
dich_vu,dich_vu__msb_credit
dich_vu,dich_vu__manulife
dich_vu,dich_vu__mirae_asset
dich_vu,dich_vu__mua_ma_the
dich_vu,dich_vu__mua_ve_may_bay_olala
dich_vu,dich_vu__mua_ve_su_kien
dich_vu,dich_vu__mua_ve_tau
dich_vu,dich_vu__mua_ve_vui_choi
dich_vu,dich_vu__mua_ve_xe_re
dich_vu,dich_vu__mytv
dich_vu,dich_vu__nhan_tien_kieu_hoi
dich_vu,dich_vu__nap_the_vinaid
dich_vu,dich_vu__nap_tien_tu_dong
dich_vu,dich_vu__nap_dien_thoai
dich_vu,dich_vu__nop_phi_xet_tuyen_dai_hoc
dich_vu,dich_vu__nop_phat_giao_thong
dich_vu,dich_vu__nop_thue_le_phi_truoc_ba
dich_vu,dich_vu__pvoil
dich_vu,dich_vu__phi_chung_cu
dich_vu,dich_vu__phuong_tien_di_chuyen
dich_vu,dich_vu__sendo
dich_vu,dich_vu__sieu_tich_luy
dich_vu,dich_vu__thanh_toan_tra_truoc_cuoc
dich_vu,dich_vu__thanh_toan_tu_dong
dich_vu,dich_vu__thu_phi_ben_xe
dich_vu,dich_vu__thu_phi_dh_cd
dich_vu,dich_vu__tiet_kiem_online
dich_vu,dich_vu__tien_nuoc
dich_vu,dich_vu__tien_dien
dich_vu,dich_vu__truyen_hinh_k
dich_vu,dich_vu__vnpt_money_du_hi
dich_vu,dich_vu__vtvcab
dich_vu,dich_vu__vay
dich_vu,dich_vu__vietlott_vinaphone
dich_vu,dich_vu__vien_thong_vntt
dich_vu,dich_vu__ve_may_bay
dich_vu,dich_vu__vong_quay
dich_vu,dich_vu__ve_sinh_moi_truong
dich_vu,dich_vu__diem_thanh_toan
dich_vu,dich_vu__dien_nuoc_khac
dich_vu,dich_vu__dien_thoai_co_dinh
dich_vu,dich_vu__dong_bhyt_bhxh
dich_vu,dich_vu__don_hang_vnpt
dich_vu,dich_vu__dat_phong_khach_san
dich_vu,dich_vu__dat_xe_taxi
ho_tro_khach_hang,ho_tro_khach_hang__nap_tien_loi
ho_tro_khach_hang,ho_tro_khach_hang__chuyen_tien_loi
ho_tro_khach_hang,ho_tro_khach_hang__rut_tien_loi
ho_tro_khach_hang,ho_tro_khach_hang__giao_dich_pending
